<?xml version="1.0" encoding="UTF-8"?>
<project-private xmlns="http://www.netbeans.org/ns/project-private/1">
    <editor-bookmarks xmlns="http://www.netbeans.org/ns/editor-bookmarks/1"/>
    <editor-bookmarks xmlns="http://www.netbeans.org/ns/editor-bookmarks/2" lastBookmarkId="0"/>
    <open-files xmlns="http://www.netbeans.org/ns/projectui-open-files/2">
        <group>
            <file>file:/D:/PROJECT_TUBES/AplikasiPertama/src/aplikasi/gaji/view/ptunjuk%20admin.jpg</file>
            <file>file:/D:/PROJECT_TUBES/AplikasiPertama/src/aplikasi/gaji/view/FORM_LOGINADMIN.java</file>
            <file>file:/D:/PROJECT_TUBES/AplikasiPertama/src/aplikasi/gaji/view/FORM_DATA.java</file>
            <file>file:/D:/PROJECT_TUBES/AplikasiPertama/src/aplikasi/gaji/koneksi/koneksi.java</file>
            <file>file:/D:/PROJECT_TUBES/AplikasiPertama/src/aplikasi/gaji/view/FORM_TAMBAH.java</file>
            <file>file:/D:/PROJECT_TUBES/AplikasiPertama/src/aplikasi/gaji/view/FORM_UTAMA.java</file>
            <file>file:/D:/PROJECT_TUBES/AplikasiPertama/src/aplikasi/gaji/view/padmin.java</file>
            <file>file:/D:/PROJECT_TUBES/AplikasiPertama/src/aplikasi/gaji/view/ptunjuk%20karyawan.jpg</file>
            <file>file:/D:/PROJECT_TUBES/AplikasiPertama/src/aplikasi/gaji/view/FORM_ADMIN.java</file>
            <file>file:/D:/PROJECT_TUBES/AplikasiPertama/src/aplikasi/gaji/view/pkaryawan.java</file>
            <file>file:/D:/PROJECT_TUBES/AplikasiPertama/src/aplikasi/gaji/view/FORM_DATAADMIN.java</file>
            <file>file:/D:/PROJECT_TUBES/AplikasiPertama/src/aplikasi/gaji/view/FORM_GAJI.java</file>
        </group>
    </open-files>
</project-private>
